{"cameraMode":{"drawMode":0,"name":"Shaded","section":"Shading Mode"},"sceneLighting":false,"audioPlay":false,"sceneViewState":{"showFog":true,"showMaterialUpdate":true,"showSkybox":false,"showFlares":true,"showImageEffects":true,"showParticleSystems":true},"in2DMode":false,"pivot":{"x":0.0,"y":0.5638422966003418,"z":0.21289345622062684},"rotation":{"x":-0.13163794577121736,"y":-0.5918645262718201,"z":0.09875062108039856,"w":-0.7891549468040466},"size":7.615687370300293,"orthographic":false}