{"cameraMode":{"drawMode":0,"name":"Shaded","section":"Shading Mode"},"sceneLighting":false,"audioPlay":false,"sceneViewState":{"showFog":true,"showMaterialUpdate":true,"showSkybox":false,"showFlares":true,"showImageEffects":true,"showParticleSystems":true},"in2DMode":false,"pivot":{"x":0.009999997913837433,"y":1.2513902187347413,"z":11.010000228881836},"rotation":{"x":-0.12211038917303086,"y":-0.11881338059902191,"z":0.01475294679403305,"w":-0.985355019569397},"size":1.7318905591964722,"orthographic":false}