{"cameraMode":{"drawMode":0,"name":"Shaded","section":"Shading Mode"},"sceneLighting":false,"audioPlay":false,"sceneViewState":{"showFog":true,"showMaterialUpdate":true,"showSkybox":false,"showFlares":true,"showImageEffects":true,"showParticleSystems":true},"in2DMode":false,"pivot":{"x":204.58773803710938,"y":95.2468490600586,"z":38.69011688232422},"rotation":{"x":0.0041998387314379219,"y":-0.007854918949306012,"z":-0.00019158003851771355,"w":-1.0001261234283448},"size":387.6559143066406,"orthographic":false}