{"cameraMode":{"drawMode":0,"name":"Shaded","section":"Shading Mode"},"sceneLighting":false,"audioPlay":false,"sceneViewState":{"showFog":true,"showMaterialUpdate":true,"showSkybox":false,"showFlares":true,"showImageEffects":true,"showParticleSystems":true},"in2DMode":false,"pivot":{"x":50.452232360839847,"y":3.511481761932373,"z":9.061660766601563},"rotation":{"x":0.19260814785957337,"y":-0.17005114257335664,"z":0.03387721627950668,"w":0.9660086035728455},"size":12.999680519104004,"orthographic":false}