{"cameraMode":{"drawMode":0,"name":"Shaded","section":"Shading Mode"},"sceneLighting":false,"audioPlay":false,"sceneViewState":{"showFog":true,"showMaterialUpdate":true,"showSkybox":false,"showFlares":true,"showImageEffects":true,"showParticleSystems":true},"in2DMode":false,"pivot":{"x":-0.6200000047683716,"y":-0.6957376003265381,"z":1.9982903003692628},"rotation":{"x":-0.048858512192964557,"y":-0.8898957371711731,"z":0.09809940308332443,"w":-0.4430857002735138},"size":6.800371170043945,"orthographic":false}